paper_id,year,evidence_class,confirmed_numeric_reversal,first_observation_rank,later_rank,source_supported_summary,next_action,source_url
P2015_ZHOU,2015,confirmed_inversion,yes,350>700>900 at 0.5 h,900>700>350 at 15/40/100 h,"Table 3 gives TOF_CH4 at four TOS values under matched conditions; all three pairwise orderings reverse between 0.5 and 15 h.",retain_as_confirmed_replication,https://doi.org/10.1002/cctc.201500379
P2020_SHEN,2020,qualitative_activity_stability_tradeoff,no,"Ni/Al2O3-S described as highest/excellent activity","Ni/Al2O3-F described as highest stability with no deactivation","RSC publisher abstract establishes different activity and stability leaders but still does not expose numerical TOS values sufficient to prove end-of-horizon rank reversal. Direct article-html access redirects to an unauthenticated landing view; the linked 522 kB SI endpoint was identified but timed out during retrieval on 2026-09-06.",recover_main_stability_curve_or_author_data_before_promotion,https://doi.org/10.1039/C9CY02093D
P2021_FRANZ,2021,confirmed_inversion_with_digitized_initial_endpoint,yes,"REF > 1Fe1Ni at start: ~40% vs ~24% CH4 conversion","1Fe1Ni > REF by 6-8 h: ~30% vs ~25%","Wiley full text gives REF ~40% initially, ~25% by 6-8 h and slightly >20% at 24 h; 1Fe1Ni reaches ~30% by ~2 h and stays there for the next 22 h. The ~24% initial 1Fe1Ni value remains provisional visual digitization. A CC0 author dataset containing processed plotting data is now identified at DOI 10.4121/17707172, so dense recovery should use that source rather than further manual digitization.",retrieve_author_dataset_10.4121_17707172_then_replace_visual_endpoint,https://doi.org/10.1002/cctc.202101080
P2022_JIN,2022,insufficient_numeric_crossover_evidence,no,unknown,"10-cycle ZrO2 overcoat: no deactivation over 100 h; reference loses 59% relative activity","Abstract strongly establishes stability intervention; initial matched values needed before any crossover claim.",recover_initial_and_tos_curves,https://doi.org/10.1016/j.cej.2022.135195
P2022_KWON,2022,qualitative_concordant_activity_stability,no,"stoichiometric NiAl2O4-derived catalyst described as most active","same catalyst described as highly stable; NiO-derived catalyst has lowest activity and significant deactivation","This is an important anti-confirmation-bias comparator: the activity and stability leader appear concordant rather than reversed.",recover_numeric_curves_and_retain_even_if_no_reversal,https://doi.org/10.1016/j.jcou.2022.102112
P2022_QIU,2022,qualitative_concordant_activity_stability,no,"best preparation/reduction condition reported to give the best catalytic performance","same condition associated with increased Ni from NiAl2O4 and improved stability/lower carbon deposition","Public article text and conclusion point to a common activity/stability optimum rather than an obvious tradeoff; numerical TOS ordering is still needed for a formal non-reversal classification.",recover_fig1_and_stability_numeric_data,https://doi.org/10.1016/j.ijhydene.2022.08.014
P2022_SHI,2022,insufficient_numeric_crossover_evidence,no,"reference Ni/Al2O3 CH4 conversion about 80%; P-series initial values not yet recovered","P-containing catalysts reported no visible activity loss for 50 h","Reference endpoints are quantitative but P-series full numerical trajectories are still needed for pairwise ranking analysis.",digitize_figure_7,https://doi.org/10.3390/ma15093044
P2024_LUO_B,2024,insufficient_numeric_crossover_evidence,no,unknown,"Ni-0.16B/Al2O3 shows no significant decrease over 100 h; final CH4 about 81.6%","Abstract establishes stability improvement and final performance but does not provide enough matched initial values for a crossover claim.",recover_initial_and_full_tos_curves,https://doi.org/10.1002/asia.202400700
P2026_ZHANG,2026,confirmed_inversion,yes,"R800>R600 at 550 C: 20.4%>17.2% CH4 conversion","R600>R800 at 20 h: 15.8%>12.6%","Matched-condition endpoint data prove at least one pairwise reversal within (0,20] h without kinetic fitting.",retain_as_confirmed_replication,https://doi.org/10.1016/j.apcatb.2026.126705
